{
  "hash": "f061b736",
  "configHash": "34d8af40",
  "lockfileHash": "5db2c2c4",
  "browserHash": "d5ea658f",
  "optimized": {
    "@angular/common": {
      "src": "../../../../../node_modules/@angular/common/fesm2022/common.mjs",
      "file": "@angular_common.js",
      "fileHash": "e87986f1",
      "needsInterop": false
    },
    "@angular/common/http": {
      "src": "../../../../../node_modules/@angular/common/fesm2022/http.mjs",
      "file": "@angular_common_http.js",
      "fileHash": "ef6d8e95",
      "needsInterop": false
    },
    "@angular/core": {
      "src": "../../../../../node_modules/@angular/core/fesm2022/core.mjs",
      "file": "@angular_core.js",
      "fileHash": "9e8d7989",
      "needsInterop": false
    },
    "@angular/forms": {
      "src": "../../../../../node_modules/@angular/forms/fesm2022/forms.mjs",
      "file": "@angular_forms.js",
      "fileHash": "6cca524d",
      "needsInterop": false
    },
    "@angular/material/dialog": {
      "src": "../../../../../node_modules/@angular/material/fesm2022/dialog.mjs",
      "file": "@angular_material_dialog.js",
      "fileHash": "40dc8270",
      "needsInterop": false
    },
    "@angular/material/snack-bar": {
      "src": "../../../../../node_modules/@angular/material/fesm2022/snack-bar.mjs",
      "file": "@angular_material_snack-bar.js",
      "fileHash": "2b50f8fd",
      "needsInterop": false
    },
    "@angular/platform-browser": {
      "src": "../../../../../node_modules/@angular/platform-browser/fesm2022/platform-browser.mjs",
      "file": "@angular_platform-browser.js",
      "fileHash": "7bb2cb2a",
      "needsInterop": false
    },
    "@angular/platform-browser/animations": {
      "src": "../../../../../node_modules/@angular/platform-browser/fesm2022/animations.mjs",
      "file": "@angular_platform-browser_animations.js",
      "fileHash": "8cdf8fe0",
      "needsInterop": false
    },
    "@angular/platform-browser/animations/async": {
      "src": "../../../../../node_modules/@angular/platform-browser/fesm2022/animations/async.mjs",
      "file": "@angular_platform-browser_animations_async.js",
      "fileHash": "5203ee7f",
      "needsInterop": false
    },
    "@angular/router": {
      "src": "../../../../../node_modules/@angular/router/fesm2022/router.mjs",
      "file": "@angular_router.js",
      "fileHash": "a210a859",
      "needsInterop": false
    },
    "jwt-decode": {
      "src": "../../../../../node_modules/jwt-decode/build/esm/index.js",
      "file": "jwt-decode.js",
      "fileHash": "5a037978",
      "needsInterop": false
    },
    "ngx-editor": {
      "src": "../../../../../node_modules/ngx-editor/fesm2022/ngx-editor.mjs",
      "file": "ngx-editor.js",
      "fileHash": "420c411c",
      "needsInterop": false
    }
  },
  "chunks": {
    "chunk-H2W6XCHI": {
      "file": "chunk-H2W6XCHI.js"
    },
    "browser-UAU2HVBW": {
      "file": "browser-UAU2HVBW.js"
    },
    "chunk-IQIOQAHN": {
      "file": "chunk-IQIOQAHN.js"
    },
    "chunk-YEINLYAQ": {
      "file": "chunk-YEINLYAQ.js"
    },
    "chunk-N7CUZ5SG": {
      "file": "chunk-N7CUZ5SG.js"
    },
    "chunk-46T4PMBX": {
      "file": "chunk-46T4PMBX.js"
    },
    "chunk-Q33IKVVU": {
      "file": "chunk-Q33IKVVU.js"
    },
    "chunk-RJSUQVNE": {
      "file": "chunk-RJSUQVNE.js"
    },
    "chunk-UBRSSCPI": {
      "file": "chunk-UBRSSCPI.js"
    },
    "chunk-J4B6MK7R": {
      "file": "chunk-J4B6MK7R.js"
    }
  }
}